Email,Username,First Name,Last Name,Password
Daniel.Thomas@testDomain.com,Daniel.Thomas,Daniel,Thomas,%p84qS4U+5
Jennifer.Armstrong@testDomain.com,Jennifer.Armstrong,Jennifer,Armstrong,*&4kXilv!2
Kimberly.Rowe@testDomain.com,Kimberly.Rowe,Kimberly,Rowe,yo+0bmTd_r
Wendy.Kent@testDomain.com,Wendy.Kent,Wendy,Kent,tsha45Qb(C
Danielle.Mccann@testDomain.com,Danielle.Mccann,Danielle,Mccann,!y#6V2mdZ$
Terri.Padilla@testDomain.com,Terri.Padilla,Terri,Padilla,_#IrxP)90r
Mary.Snyder@testDomain.com,Mary.Snyder,Mary,Snyder,^EcS55&vq)
Nicholas.Martinez@testDomain.com,Nicholas.Martinez,Nicholas,Martinez,a+&5LF%fLt
Nancy.Gray@testDomain.com,Nancy.Gray,Nancy,Gray,wA+9ZiunG*
Jason.Roach@testDomain.com,Jason.Roach,Jason,Roach,t037(Sje&M
Phillip.Rodriguez@testDomain.com,Phillip.Rodriguez,Phillip,Rodriguez,eT*Mwi1+$5
Mary.Brown@testDomain.com,Mary.Brown,Mary,Brown,K*99N&dr08
Stephen.Jacobson@testDomain.com,Stephen.Jacobson,Stephen,Jacobson,!@9QvaVh14
Melissa.Reed@testDomain.com,Melissa.Reed,Melissa,Reed,+s2RdxLk6@
Hailey.Hawkins@testDomain.com,Hailey.Hawkins,Hailey,Hawkins,$A7Kx(e7Sw
John.Allen@testDomain.com,John.Allen,John,Allen,@c3Ol8i&gh
Tammy.Patterson@testDomain.com,Tammy.Patterson,Tammy,Patterson,XA9xI$Yzo_
Amanda.Weber@testDomain.com,Amanda.Weber,Amanda,Weber,#z+5iHViD*
Hannah.Bailey@testDomain.com,Hannah.Bailey,Hannah,Bailey,r!n7N8n!Iz
Paula.Wilson@testDomain.com,Paula.Wilson,Paula,Wilson,D)Opm4D^fd
Robert.Soto@testDomain.com,Robert.Soto,Robert,Soto,@9hVRpnn_a
Elizabeth.Woodward@testDomain.com,Elizabeth.Woodward,Elizabeth,Woodward,#nLTUW)w45
Claire.Jenkins@testDomain.com,Claire.Jenkins,Claire,Jenkins,^S_fT80bd4
William.Reilly@testDomain.com,William.Reilly,William,Reilly,%cbu*eCoi4
Kristin.Romero@testDomain.com,Kristin.Romero,Kristin,Romero,I(4(Yr8x%O
Allison.Gomez@testDomain.com,Allison.Gomez,Allison,Gomez,EEH8H%Pkt%
Benjamin.Smith@testDomain.com,Benjamin.Smith,Benjamin,Smith,WJhJox&t^7
Sarah.King@testDomain.com,Sarah.King,Sarah,King,@vtH9Oko!1
Michael.Best@testDomain.com,Michael.Best,Michael,Best,0fCx3UK_$D
William.Marshall@testDomain.com,William.Marshall,William,Marshall,1m)4g5Mw5&
Andrew.Rogers@testDomain.com,Andrew.Rogers,Andrew,Rogers,_5VzQaQ2(5
Benjamin.Williams@testDomain.com,Benjamin.Williams,Benjamin,Williams,(P0Sx88nxc
Linda.Peterson@testDomain.com,Linda.Peterson,Linda,Peterson,ZV2!J4xm_8
Matthew.Kline@testDomain.com,Matthew.Kline,Matthew,Kline,%ps74Zl(Ox
John.Estrada@testDomain.com,John.Estrada,John,Estrada,@54APays2u
Manuel.Lutz@testDomain.com,Manuel.Lutz,Manuel,Lutz,%v_6DbJk34
Carol.Mcdowell@testDomain.com,Carol.Mcdowell,Carol,Mcdowell,P3Gjm4Yf#z
Carlos.Campbell@testDomain.com,Carlos.Campbell,Carlos,Campbell,*^2OPLoi&u
Heather.Bauer@testDomain.com,Heather.Bauer,Heather,Bauer,FP3QtaJj^&
Erin.Dean@testDomain.com,Erin.Dean,Erin,Dean,%j+w9HqnO#
Adam.Moody@testDomain.com,Adam.Moody,Adam,Moody,xbz3XLfc)&
Roger.Warner@testDomain.com,Roger.Warner,Roger,Warner,)!0LO(cq58
Joseph.Foster@testDomain.com,Joseph.Foster,Joseph,Foster,_7!FPgLpkw
Lauren.Wright@testDomain.com,Lauren.Wright,Lauren,Wright,6#786LCybL
Linda.Mitchell@testDomain.com,Linda.Mitchell,Linda,Mitchell,64GdbS!i^!
Mary.Anderson@testDomain.com,Mary.Anderson,Mary,Anderson,_+RL*mPqL0
Mary.Martin@testDomain.com,Mary.Martin,Mary,Martin,Pf2a0W5T$4
Kelly.Buckley@testDomain.com,Kelly.Buckley,Kelly,Buckley,)n9CnO%Az1
Kristy.Johnson@testDomain.com,Kristy.Johnson,Kristy,Johnson,%hvP4jKf3#
Gregory.Morgan@testDomain.com,Gregory.Morgan,Gregory,Morgan,+PGT6hsgT$
Cameron.Martinez@testDomain.com,Cameron.Martinez,Cameron,Martinez,k9ZduQCj%H
Brandon.Hernandez@testDomain.com,Brandon.Hernandez,Brandon,Hernandez,y&GXoFO)+8
Sergio.Ochoa@testDomain.com,Sergio.Ochoa,Sergio,Ochoa,j0o+*Gck(0
Jeffrey.Myers@testDomain.com,Jeffrey.Myers,Jeffrey,Myers,D4MFbQp)^3
Joshua.Green@testDomain.com,Joshua.Green,Joshua,Green,_H5%7mIrq8
Emily.Juarez@testDomain.com,Emily.Juarez,Emily,Juarez,N^Y7TGkry(
Robert.Wilson@testDomain.com,Robert.Wilson,Robert,Wilson,VPQF6Ovxk*
Christopher.Moore@testDomain.com,Christopher.Moore,Christopher,Moore,j_2fW52koV
Gina.Dyer@testDomain.com,Gina.Dyer,Gina,Dyer,bJ$B1AvbcH
Michael.Jones@testDomain.com,Michael.Jones,Michael,Jones,Uz1VMkNs*A
Jennifer.Sosa@testDomain.com,Jennifer.Sosa,Jennifer,Sosa,#3ZzEZdfCA
Albert.Sanchez@testDomain.com,Albert.Sanchez,Albert,Sanchez,LKMiBnmv@8
Joshua.Sloan@testDomain.com,Joshua.Sloan,Joshua,Sloan,*dEXQmxb#5
Kelly.Ramirez@testDomain.com,Kelly.Ramirez,Kelly,Ramirez,%4mMzDuq_5
Russell.Martin@testDomain.com,Russell.Martin,Russell,Martin,&r@HeD)b(2
Richard.Keith@testDomain.com,Richard.Keith,Richard,Keith,%d7RA%wK%3
Daniel.Thomas@testDomain.com,Daniel.Thomas,Daniel,Thomas,2@L8FLnb)%
Rebekah.Miranda@testDomain.com,Rebekah.Miranda,Rebekah,Miranda,Q+e#9pBszc
Annette.Walker@testDomain.com,Annette.Walker,Annette,Walker,tpTY+4Szgy
Kristina.Jimenez@testDomain.com,Kristina.Jimenez,Kristina,Jimenez,@4Hvzir$7H
Tina.Allen@testDomain.com,Tina.Allen,Tina,Allen,)@P7WyzVP2
Kelly.Watkins@testDomain.com,Kelly.Watkins,Kelly,Watkins,fU6SeL5KT*
Adam.Arnold@testDomain.com,Adam.Arnold,Adam,Arnold,%NlXGXw!70
Johnny.Wilcox@testDomain.com,Johnny.Wilcox,Johnny,Wilcox,$3g3P%Ut+o
Gregory.Mullins@testDomain.com,Gregory.Mullins,Gregory,Mullins,G2GG*B5)@j
Adam.Anderson@testDomain.com,Adam.Anderson,Adam,Anderson,TI4ORaHmq_
Chelsea.Anderson@testDomain.com,Chelsea.Anderson,Chelsea,Anderson,p0d3XU9h!W
Patricia.Scott@testDomain.com,Patricia.Scott,Patricia,Scott,2_22uSRk!C
Joseph.Lee@testDomain.com,Joseph.Lee,Joseph,Lee,N8UPqaH6$$
Michelle.Robinson@testDomain.com,Michelle.Robinson,Michelle,Robinson,#_Zms_@Vo0
Erica.Johnson@testDomain.com,Erica.Johnson,Erica,Johnson,*2PWLRn16D
Michael.Rowe@testDomain.com,Michael.Rowe,Michael,Rowe,8HPAJCTk%r
William.Daniels@testDomain.com,William.Daniels,William,Daniels,dT9GV9Ke&D
Samantha.Cox@testDomain.com,Samantha.Cox,Samantha,Cox,j0R3pgWi@*
Mrs..Catherine@testDomain.com,Mrs..Catherine,Mrs.,Catherine,*9FQIJD2^e
Judith.Alexander@testDomain.com,Judith.Alexander,Judith,Alexander,s!2NRAnmoU
Nancy.Johnson@testDomain.com,Nancy.Johnson,Nancy,Johnson,j*72+Olt&*
Anita.Little@testDomain.com,Anita.Little,Anita,Little,4WjmEg^9*)
Zachary.Gordon@testDomain.com,Zachary.Gordon,Zachary,Gordon,hefK3XH(9#
Carrie.Kelley@testDomain.com,Carrie.Kelley,Carrie,Kelley,sv5@TNcs+t
Mark.Martin@testDomain.com,Mark.Martin,Mark,Martin,&b9Zl4BhW!
Joshua.Davies@testDomain.com,Joshua.Davies,Joshua,Davies,p0l!SKzb&W
Anthony.Chen@testDomain.com,Anthony.Chen,Anthony,Chen,Jd!8XC6sbQ
Jonathan.Williams@testDomain.com,Jonathan.Williams,Jonathan,Williams,&yIkFRMo6o
Jessica.Murray@testDomain.com,Jessica.Murray,Jessica,Murray,biB9WmWx!3
Robert.Bentley@testDomain.com,Robert.Bentley,Robert,Bentley,^_6vOr*XWi
Stephen.Moore@testDomain.com,Stephen.Moore,Stephen,Moore,7%8TEyTScY
Rebecca.Yates@testDomain.com,Rebecca.Yates,Rebecca,Yates,6nI2(VPjh*
Michael.Smith@testDomain.com,Michael.Smith,Michael,Smith,(d@24#F3i)
Brent.Wilson@testDomain.com,Brent.Wilson,Brent,Wilson,Q7JW0xAi$l
